Date,Content,Video title,Video publish time,Duration,Views
2025-02-27,L-qKMDjThQs,I'm obsessed with this part #likejennie #jennie #kpop #jisoo #lisa #rose #trending #live #concert,"Mar 15, 2025",18,0
2025-02-28,L-qKMDjThQs,I'm obsessed with this part #likejennie #jennie #kpop #jisoo #lisa #rose #trending #live #concert,"Mar 15, 2025",18,0
2025-03-01,L-qKMDjThQs,I'm obsessed with this part #likejennie #jennie #kpop #jisoo #lisa #rose #trending #live #concert,"Mar 15, 2025",18,0
2025-03-02,L-qKMDjThQs,I'm obsessed with this part #likejennie #jennie #kpop #jisoo #lisa #rose #trending #live #concert,"Mar 15, 2025",18,0
2025-03-03,L-qKMDjThQs,I'm obsessed with this part #likejennie #jennie #kpop #jisoo #lisa #rose #trending #live #concert,"Mar 15, 2025",18,0
2025-03-04,L-qKMDjThQs,I'm obsessed with this part #likejennie #jennie #kpop #jisoo #lisa #rose #trending #live #concert,"Mar 15, 2025",18,0
2025-03-05,L-qKMDjThQs,I'm obsessed with this part #likejennie #jennie #kpop #jisoo #lisa #rose #trending #live #concert,"Mar 15, 2025",18,0
2025-03-06,L-qKMDjThQs,I'm obsessed with this part #likejennie #jennie #kpop #jisoo #lisa #rose #trending #live #concert,"Mar 15, 2025",18,0
2025-03-07,L-qKMDjThQs,I'm obsessed with this part #likejennie #jennie #kpop #jisoo #lisa #rose #trending #live #concert,"Mar 15, 2025",18,0
2025-03-08,L-qKMDjThQs,I'm obsessed with this part #likejennie #jennie #kpop #jisoo #lisa #rose #trending #live #concert,"Mar 15, 2025",18,0
2025-03-09,L-qKMDjThQs,I'm obsessed with this part #likejennie #jennie #kpop #jisoo #lisa #rose #trending #live #concert,"Mar 15, 2025",18,0
2025-03-10,L-qKMDjThQs,I'm obsessed with this part #likejennie #jennie #kpop #jisoo #lisa #rose #trending #live #concert,"Mar 15, 2025",18,0
2025-03-11,L-qKMDjThQs,I'm obsessed with this part #likejennie #jennie #kpop #jisoo #lisa #rose #trending #live #concert,"Mar 15, 2025",18,0
2025-03-12,L-qKMDjThQs,I'm obsessed with this part #likejennie #jennie #kpop #jisoo #lisa #rose #trending #live #concert,"Mar 15, 2025",18,0
2025-03-13,L-qKMDjThQs,I'm obsessed with this part #likejennie #jennie #kpop #jisoo #lisa #rose #trending #live #concert,"Mar 15, 2025",18,0
2025-03-14,L-qKMDjThQs,I'm obsessed with this part #likejennie #jennie #kpop #jisoo #lisa #rose #trending #live #concert,"Mar 15, 2025",18,0
2025-03-15,L-qKMDjThQs,I'm obsessed with this part #likejennie #jennie #kpop #jisoo #lisa #rose #trending #live #concert,"Mar 15, 2025",18,1674
2025-03-16,L-qKMDjThQs,I'm obsessed with this part #likejennie #jennie #kpop #jisoo #lisa #rose #trending #live #concert,"Mar 15, 2025",18,201
2025-03-17,L-qKMDjThQs,I'm obsessed with this part #likejennie #jennie #kpop #jisoo #lisa #rose #trending #live #concert,"Mar 15, 2025",18,15149
2025-03-18,L-qKMDjThQs,I'm obsessed with this part #likejennie #jennie #kpop #jisoo #lisa #rose #trending #live #concert,"Mar 15, 2025",18,545
2025-03-19,L-qKMDjThQs,I'm obsessed with this part #likejennie #jennie #kpop #jisoo #lisa #rose #trending #live #concert,"Mar 15, 2025",18,629
2025-03-20,L-qKMDjThQs,I'm obsessed with this part #likejennie #jennie #kpop #jisoo #lisa #rose #trending #live #concert,"Mar 15, 2025",18,793
2025-03-21,L-qKMDjThQs,I'm obsessed with this part #likejennie #jennie #kpop #jisoo #lisa #rose #trending #live #concert,"Mar 15, 2025",18,767
2025-03-22,L-qKMDjThQs,I'm obsessed with this part #likejennie #jennie #kpop #jisoo #lisa #rose #trending #live #concert,"Mar 15, 2025",18,277
2025-03-23,L-qKMDjThQs,I'm obsessed with this part #likejennie #jennie #kpop #jisoo #lisa #rose #trending #live #concert,"Mar 15, 2025",18,37
2025-03-24,L-qKMDjThQs,I'm obsessed with this part #likejennie #jennie #kpop #jisoo #lisa #rose #trending #live #concert,"Mar 15, 2025",18,18
2025-03-25,L-qKMDjThQs,I'm obsessed with this part #likejennie #jennie #kpop #jisoo #lisa #rose #trending #live #concert,"Mar 15, 2025",18,16
2025-03-26,L-qKMDjThQs,I'm obsessed with this part #likejennie #jennie #kpop #jisoo #lisa #rose #trending #live #concert,"Mar 15, 2025",18,15
2025-03-27,L-qKMDjThQs,I'm obsessed with this part #likejennie #jennie #kpop #jisoo #lisa #rose #trending #live #concert,"Mar 15, 2025",18,14
2025-03-28,L-qKMDjThQs,I'm obsessed with this part #likejennie #jennie #kpop #jisoo #lisa #rose #trending #live #concert,"Mar 15, 2025",18,14
2025-03-29,L-qKMDjThQs,I'm obsessed with this part #likejennie #jennie #kpop #jisoo #lisa #rose #trending #live #concert,"Mar 15, 2025",18,5
2025-03-30,L-qKMDjThQs,I'm obsessed with this part #likejennie #jennie #kpop #jisoo #lisa #rose #trending #live #concert,"Mar 15, 2025",18,15
2025-03-31,L-qKMDjThQs,I'm obsessed with this part #likejennie #jennie #kpop #jisoo #lisa #rose #trending #live #concert,"Mar 15, 2025",18,16
2025-04-01,L-qKMDjThQs,I'm obsessed with this part #likejennie #jennie #kpop #jisoo #lisa #rose #trending #live #concert,"Mar 15, 2025",18,20
2025-04-02,L-qKMDjThQs,I'm obsessed with this part #likejennie #jennie #kpop #jisoo #lisa #rose #trending #live #concert,"Mar 15, 2025",18,7
2025-04-03,L-qKMDjThQs,I'm obsessed with this part #likejennie #jennie #kpop #jisoo #lisa #rose #trending #live #concert,"Mar 15, 2025",18,10
2025-04-04,L-qKMDjThQs,I'm obsessed with this part #likejennie #jennie #kpop #jisoo #lisa #rose #trending #live #concert,"Mar 15, 2025",18,2
2025-04-05,L-qKMDjThQs,I'm obsessed with this part #likejennie #jennie #kpop #jisoo #lisa #rose #trending #live #concert,"Mar 15, 2025",18,15
2025-04-06,L-qKMDjThQs,I'm obsessed with this part #likejennie #jennie #kpop #jisoo #lisa #rose #trending #live #concert,"Mar 15, 2025",18,9
2025-04-07,L-qKMDjThQs,I'm obsessed with this part #likejennie #jennie #kpop #jisoo #lisa #rose #trending #live #concert,"Mar 15, 2025",18,8
2025-04-08,L-qKMDjThQs,I'm obsessed with this part #likejennie #jennie #kpop #jisoo #lisa #rose #trending #live #concert,"Mar 15, 2025",18,5
2025-04-09,L-qKMDjThQs,I'm obsessed with this part #likejennie #jennie #kpop #jisoo #lisa #rose #trending #live #concert,"Mar 15, 2025",18,5
2025-04-10,L-qKMDjThQs,I'm obsessed with this part #likejennie #jennie #kpop #jisoo #lisa #rose #trending #live #concert,"Mar 15, 2025",18,3
2025-04-11,L-qKMDjThQs,I'm obsessed with this part #likejennie #jennie #kpop #jisoo #lisa #rose #trending #live #concert,"Mar 15, 2025",18,4
2025-04-12,L-qKMDjThQs,I'm obsessed with this part #likejennie #jennie #kpop #jisoo #lisa #rose #trending #live #concert,"Mar 15, 2025",18,1
2025-04-13,L-qKMDjThQs,I'm obsessed with this part #likejennie #jennie #kpop #jisoo #lisa #rose #trending #live #concert,"Mar 15, 2025",18,1
2025-04-14,L-qKMDjThQs,I'm obsessed with this part #likejennie #jennie #kpop #jisoo #lisa #rose #trending #live #concert,"Mar 15, 2025",18,2
2025-04-15,L-qKMDjThQs,I'm obsessed with this part #likejennie #jennie #kpop #jisoo #lisa #rose #trending #live #concert,"Mar 15, 2025",18,4
2025-04-16,L-qKMDjThQs,I'm obsessed with this part #likejennie #jennie #kpop #jisoo #lisa #rose #trending #live #concert,"Mar 15, 2025",18,0
2025-04-17,L-qKMDjThQs,I'm obsessed with this part #likejennie #jennie #kpop #jisoo #lisa #rose #trending #live #concert,"Mar 15, 2025",18,2
2025-04-18,L-qKMDjThQs,I'm obsessed with this part #likejennie #jennie #kpop #jisoo #lisa #rose #trending #live #concert,"Mar 15, 2025",18,0
2025-04-19,L-qKMDjThQs,I'm obsessed with this part #likejennie #jennie #kpop #jisoo #lisa #rose #trending #live #concert,"Mar 15, 2025",18,3
2025-04-20,L-qKMDjThQs,I'm obsessed with this part #likejennie #jennie #kpop #jisoo #lisa #rose #trending #live #concert,"Mar 15, 2025",18,0
2025-04-21,L-qKMDjThQs,I'm obsessed with this part #likejennie #jennie #kpop #jisoo #lisa #rose #trending #live #concert,"Mar 15, 2025",18,1
2025-04-22,L-qKMDjThQs,I'm obsessed with this part #likejennie #jennie #kpop #jisoo #lisa #rose #trending #live #concert,"Mar 15, 2025",18,1
2025-04-23,L-qKMDjThQs,I'm obsessed with this part #likejennie #jennie #kpop #jisoo #lisa #rose #trending #live #concert,"Mar 15, 2025",18,1
2025-04-24,L-qKMDjThQs,I'm obsessed with this part #likejennie #jennie #kpop #jisoo #lisa #rose #trending #live #concert,"Mar 15, 2025",18,1
2025-04-25,L-qKMDjThQs,I'm obsessed with this part #likejennie #jennie #kpop #jisoo #lisa #rose #trending #live #concert,"Mar 15, 2025",18,0
2025-04-26,L-qKMDjThQs,I'm obsessed with this part #likejennie #jennie #kpop #jisoo #lisa #rose #trending #live #concert,"Mar 15, 2025",18,0
2025-04-27,L-qKMDjThQs,I'm obsessed with this part #likejennie #jennie #kpop #jisoo #lisa #rose #trending #live #concert,"Mar 15, 2025",18,0
2025-04-28,L-qKMDjThQs,I'm obsessed with this part #likejennie #jennie #kpop #jisoo #lisa #rose #trending #live #concert,"Mar 15, 2025",18,0
2025-04-29,L-qKMDjThQs,I'm obsessed with this part #likejennie #jennie #kpop #jisoo #lisa #rose #trending #live #concert,"Mar 15, 2025",18,0
2025-04-30,L-qKMDjThQs,I'm obsessed with this part #likejennie #jennie #kpop #jisoo #lisa #rose #trending #live #concert,"Mar 15, 2025",18,1
2025-05-01,L-qKMDjThQs,I'm obsessed with this part #likejennie #jennie #kpop #jisoo #lisa #rose #trending #live #concert,"Mar 15, 2025",18,2
2025-05-02,L-qKMDjThQs,I'm obsessed with this part #likejennie #jennie #kpop #jisoo #lisa #rose #trending #live #concert,"Mar 15, 2025",18,1
2025-05-03,L-qKMDjThQs,I'm obsessed with this part #likejennie #jennie #kpop #jisoo #lisa #rose #trending #live #concert,"Mar 15, 2025",18,2
2025-05-04,L-qKMDjThQs,I'm obsessed with this part #likejennie #jennie #kpop #jisoo #lisa #rose #trending #live #concert,"Mar 15, 2025",18,0
2025-05-05,L-qKMDjThQs,I'm obsessed with this part #likejennie #jennie #kpop #jisoo #lisa #rose #trending #live #concert,"Mar 15, 2025",18,1
2025-05-06,L-qKMDjThQs,I'm obsessed with this part #likejennie #jennie #kpop #jisoo #lisa #rose #trending #live #concert,"Mar 15, 2025",18,1
2025-05-07,L-qKMDjThQs,I'm obsessed with this part #likejennie #jennie #kpop #jisoo #lisa #rose #trending #live #concert,"Mar 15, 2025",18,3
2025-05-08,L-qKMDjThQs,I'm obsessed with this part #likejennie #jennie #kpop #jisoo #lisa #rose #trending #live #concert,"Mar 15, 2025",18,2
2025-05-09,L-qKMDjThQs,I'm obsessed with this part #likejennie #jennie #kpop #jisoo #lisa #rose #trending #live #concert,"Mar 15, 2025",18,0
2025-05-10,L-qKMDjThQs,I'm obsessed with this part #likejennie #jennie #kpop #jisoo #lisa #rose #trending #live #concert,"Mar 15, 2025",18,0
2025-05-11,L-qKMDjThQs,I'm obsessed with this part #likejennie #jennie #kpop #jisoo #lisa #rose #trending #live #concert,"Mar 15, 2025",18,0
2025-05-12,L-qKMDjThQs,I'm obsessed with this part #likejennie #jennie #kpop #jisoo #lisa #rose #trending #live #concert,"Mar 15, 2025",18,1
2025-05-13,L-qKMDjThQs,I'm obsessed with this part #likejennie #jennie #kpop #jisoo #lisa #rose #trending #live #concert,"Mar 15, 2025",18,0
2025-05-14,L-qKMDjThQs,I'm obsessed with this part #likejennie #jennie #kpop #jisoo #lisa #rose #trending #live #concert,"Mar 15, 2025",18,0
2025-05-15,L-qKMDjThQs,I'm obsessed with this part #likejennie #jennie #kpop #jisoo #lisa #rose #trending #live #concert,"Mar 15, 2025",18,0
2025-05-16,L-qKMDjThQs,I'm obsessed with this part #likejennie #jennie #kpop #jisoo #lisa #rose #trending #live #concert,"Mar 15, 2025",18,1
2025-05-17,L-qKMDjThQs,I'm obsessed with this part #likejennie #jennie #kpop #jisoo #lisa #rose #trending #live #concert,"Mar 15, 2025",18,0
2025-05-18,L-qKMDjThQs,I'm obsessed with this part #likejennie #jennie #kpop #jisoo #lisa #rose #trending #live #concert,"Mar 15, 2025",18,0
2025-05-19,L-qKMDjThQs,I'm obsessed with this part #likejennie #jennie #kpop #jisoo #lisa #rose #trending #live #concert,"Mar 15, 2025",18,0
2025-05-20,L-qKMDjThQs,I'm obsessed with this part #likejennie #jennie #kpop #jisoo #lisa #rose #trending #live #concert,"Mar 15, 2025",18,0
2025-05-21,L-qKMDjThQs,I'm obsessed with this part #likejennie #jennie #kpop #jisoo #lisa #rose #trending #live #concert,"Mar 15, 2025",18,1
2025-05-22,L-qKMDjThQs,I'm obsessed with this part #likejennie #jennie #kpop #jisoo #lisa #rose #trending #live #concert,"Mar 15, 2025",18,0
2025-05-23,L-qKMDjThQs,I'm obsessed with this part #likejennie #jennie #kpop #jisoo #lisa #rose #trending #live #concert,"Mar 15, 2025",18,1
2025-05-24,L-qKMDjThQs,I'm obsessed with this part #likejennie #jennie #kpop #jisoo #lisa #rose #trending #live #concert,"Mar 15, 2025",18,0
2025-05-25,L-qKMDjThQs,I'm obsessed with this part #likejennie #jennie #kpop #jisoo #lisa #rose #trending #live #concert,"Mar 15, 2025",18,1
2025-05-26,L-qKMDjThQs,I'm obsessed with this part #likejennie #jennie #kpop #jisoo #lisa #rose #trending #live #concert,"Mar 15, 2025",18,0
2025-05-27,L-qKMDjThQs,I'm obsessed with this part #likejennie #jennie #kpop #jisoo #lisa #rose #trending #live #concert,"Mar 15, 2025",18,0
2025-02-27,UDmNeED9fzw,Jennie at ruby experience#jennie #kpop #ruby #jisoo #lisa #rose #zen#likejennie #trending #blackpink,"Mar 18, 2025",46,0
2025-02-28,UDmNeED9fzw,Jennie at ruby experience#jennie #kpop #ruby #jisoo #lisa #rose #zen#likejennie #trending #blackpink,"Mar 18, 2025",46,0
2025-03-01,UDmNeED9fzw,Jennie at ruby experience#jennie #kpop #ruby #jisoo #lisa #rose #zen#likejennie #trending #blackpink,"Mar 18, 2025",46,0
2025-03-02,UDmNeED9fzw,Jennie at ruby experience#jennie #kpop #ruby #jisoo #lisa #rose #zen#likejennie #trending #blackpink,"Mar 18, 2025",46,0
2025-03-03,UDmNeED9fzw,Jennie at ruby experience#jennie #kpop #ruby #jisoo #lisa #rose #zen#likejennie #trending #blackpink,"Mar 18, 2025",46,0
2025-03-04,UDmNeED9fzw,Jennie at ruby experience#jennie #kpop #ruby #jisoo #lisa #rose #zen#likejennie #trending #blackpink,"Mar 18, 2025",46,0
2025-03-05,UDmNeED9fzw,Jennie at ruby experience#jennie #kpop #ruby #jisoo #lisa #rose #zen#likejennie #trending #blackpink,"Mar 18, 2025",46,0
2025-03-06,UDmNeED9fzw,Jennie at ruby experience#jennie #kpop #ruby #jisoo #lisa #rose #zen#likejennie #trending #blackpink,"Mar 18, 2025",46,0
2025-03-07,UDmNeED9fzw,Jennie at ruby experience#jennie #kpop #ruby #jisoo #lisa #rose #zen#likejennie #trending #blackpink,"Mar 18, 2025",46,0
2025-03-08,UDmNeED9fzw,Jennie at ruby experience#jennie #kpop #ruby #jisoo #lisa #rose #zen#likejennie #trending #blackpink,"Mar 18, 2025",46,0
2025-03-09,UDmNeED9fzw,Jennie at ruby experience#jennie #kpop #ruby #jisoo #lisa #rose #zen#likejennie #trending #blackpink,"Mar 18, 2025",46,0
2025-03-10,UDmNeED9fzw,Jennie at ruby experience#jennie #kpop #ruby #jisoo #lisa #rose #zen#likejennie #trending #blackpink,"Mar 18, 2025",46,0
2025-03-11,UDmNeED9fzw,Jennie at ruby experience#jennie #kpop #ruby #jisoo #lisa #rose #zen#likejennie #trending #blackpink,"Mar 18, 2025",46,0
2025-03-12,UDmNeED9fzw,Jennie at ruby experience#jennie #kpop #ruby #jisoo #lisa #rose #zen#likejennie #trending #blackpink,"Mar 18, 2025",46,0
2025-03-13,UDmNeED9fzw,Jennie at ruby experience#jennie #kpop #ruby #jisoo #lisa #rose #zen#likejennie #trending #blackpink,"Mar 18, 2025",46,0
2025-03-14,UDmNeED9fzw,Jennie at ruby experience#jennie #kpop #ruby #jisoo #lisa #rose #zen#likejennie #trending #blackpink,"Mar 18, 2025",46,0
2025-03-15,UDmNeED9fzw,Jennie at ruby experience#jennie #kpop #ruby #jisoo #lisa #rose #zen#likejennie #trending #blackpink,"Mar 18, 2025",46,0
2025-03-16,UDmNeED9fzw,Jennie at ruby experience#jennie #kpop #ruby #jisoo #lisa #rose #zen#likejennie #trending #blackpink,"Mar 18, 2025",46,0
2025-03-17,UDmNeED9fzw,Jennie at ruby experience#jennie #kpop #ruby #jisoo #lisa #rose #zen#likejennie #trending #blackpink,"Mar 18, 2025",46,0
2025-03-18,UDmNeED9fzw,Jennie at ruby experience#jennie #kpop #ruby #jisoo #lisa #rose #zen#likejennie #trending #blackpink,"Mar 18, 2025",46,828
2025-03-19,UDmNeED9fzw,Jennie at ruby experience#jennie #kpop #ruby #jisoo #lisa #rose #zen#likejennie #trending #blackpink,"Mar 18, 2025",46,2988
2025-03-20,UDmNeED9fzw,Jennie at ruby experience#jennie #kpop #ruby #jisoo #lisa #rose #zen#likejennie #trending #blackpink,"Mar 18, 2025",46,3835
2025-03-21,UDmNeED9fzw,Jennie at ruby experience#jennie #kpop #ruby #jisoo #lisa #rose #zen#likejennie #trending #blackpink,"Mar 18, 2025",46,1780
2025-03-22,UDmNeED9fzw,Jennie at ruby experience#jennie #kpop #ruby #jisoo #lisa #rose #zen#likejennie #trending #blackpink,"Mar 18, 2025",46,1785
2025-03-23,UDmNeED9fzw,Jennie at ruby experience#jennie #kpop #ruby #jisoo #lisa #rose #zen#likejennie #trending #blackpink,"Mar 18, 2025",46,14610
2025-03-24,UDmNeED9fzw,Jennie at ruby experience#jennie #kpop #ruby #jisoo #lisa #rose #zen#likejennie #trending #blackpink,"Mar 18, 2025",46,11493
2025-03-25,UDmNeED9fzw,Jennie at ruby experience#jennie #kpop #ruby #jisoo #lisa #rose #zen#likejennie #trending #blackpink,"Mar 18, 2025",46,4252
2025-03-26,UDmNeED9fzw,Jennie at ruby experience#jennie #kpop #ruby #jisoo #lisa #rose #zen#likejennie #trending #blackpink,"Mar 18, 2025",46,1558
2025-03-27,UDmNeED9fzw,Jennie at ruby experience#jennie #kpop #ruby #jisoo #lisa #rose #zen#likejennie #trending #blackpink,"Mar 18, 2025",46,1726
2025-03-28,UDmNeED9fzw,Jennie at ruby experience#jennie #kpop #ruby #jisoo #lisa #rose #zen#likejennie #trending #blackpink,"Mar 18, 2025",46,2411
2025-03-29,UDmNeED9fzw,Jennie at ruby experience#jennie #kpop #ruby #jisoo #lisa #rose #zen#likejennie #trending #blackpink,"Mar 18, 2025",46,2720
2025-03-30,UDmNeED9fzw,Jennie at ruby experience#jennie #kpop #ruby #jisoo #lisa #rose #zen#likejennie #trending #blackpink,"Mar 18, 2025",46,2430
2025-03-31,UDmNeED9fzw,Jennie at ruby experience#jennie #kpop #ruby #jisoo #lisa #rose #zen#likejennie #trending #blackpink,"Mar 18, 2025",46,4442
2025-04-01,UDmNeED9fzw,Jennie at ruby experience#jennie #kpop #ruby #jisoo #lisa #rose #zen#likejennie #trending #blackpink,"Mar 18, 2025",46,1641
2025-04-02,UDmNeED9fzw,Jennie at ruby experience#jennie #kpop #ruby #jisoo #lisa #rose #zen#likejennie #trending #blackpink,"Mar 18, 2025",46,679
2025-04-03,UDmNeED9fzw,Jennie at ruby experience#jennie #kpop #ruby #jisoo #lisa #rose #zen#likejennie #trending #blackpink,"Mar 18, 2025",46,966
2025-04-04,UDmNeED9fzw,Jennie at ruby experience#jennie #kpop #ruby #jisoo #lisa #rose #zen#likejennie #trending #blackpink,"Mar 18, 2025",46,1935
2025-04-05,UDmNeED9fzw,Jennie at ruby experience#jennie #kpop #ruby #jisoo #lisa #rose #zen#likejennie #trending #blackpink,"Mar 18, 2025",46,1566
2025-04-06,UDmNeED9fzw,Jennie at ruby experience#jennie #kpop #ruby #jisoo #lisa #rose #zen#likejennie #trending #blackpink,"Mar 18, 2025",46,1895
2025-04-07,UDmNeED9fzw,Jennie at ruby experience#jennie #kpop #ruby #jisoo #lisa #rose #zen#likejennie #trending #blackpink,"Mar 18, 2025",46,969
2025-04-08,UDmNeED9fzw,Jennie at ruby experience#jennie #kpop #ruby #jisoo #lisa #rose #zen#likejennie #trending #blackpink,"Mar 18, 2025",46,1306
2025-04-09,UDmNeED9fzw,Jennie at ruby experience#jennie #kpop #ruby #jisoo #lisa #rose #zen#likejennie #trending #blackpink,"Mar 18, 2025",46,757
2025-04-10,UDmNeED9fzw,Jennie at ruby experience#jennie #kpop #ruby #jisoo #lisa #rose #zen#likejennie #trending #blackpink,"Mar 18, 2025",46,515
2025-04-11,UDmNeED9fzw,Jennie at ruby experience#jennie #kpop #ruby #jisoo #lisa #rose #zen#likejennie #trending #blackpink,"Mar 18, 2025",46,535
2025-04-12,UDmNeED9fzw,Jennie at ruby experience#jennie #kpop #ruby #jisoo #lisa #rose #zen#likejennie #trending #blackpink,"Mar 18, 2025",46,1187
2025-04-13,UDmNeED9fzw,Jennie at ruby experience#jennie #kpop #ruby #jisoo #lisa #rose #zen#likejennie #trending #blackpink,"Mar 18, 2025",46,1536
2025-04-14,UDmNeED9fzw,Jennie at ruby experience#jennie #kpop #ruby #jisoo #lisa #rose #zen#likejennie #trending #blackpink,"Mar 18, 2025",46,987
2025-04-15,UDmNeED9fzw,Jennie at ruby experience#jennie #kpop #ruby #jisoo #lisa #rose #zen#likejennie #trending #blackpink,"Mar 18, 2025",46,519
2025-04-16,UDmNeED9fzw,Jennie at ruby experience#jennie #kpop #ruby #jisoo #lisa #rose #zen#likejennie #trending #blackpink,"Mar 18, 2025",46,205
2025-04-17,UDmNeED9fzw,Jennie at ruby experience#jennie #kpop #ruby #jisoo #lisa #rose #zen#likejennie #trending #blackpink,"Mar 18, 2025",46,62
2025-04-18,UDmNeED9fzw,Jennie at ruby experience#jennie #kpop #ruby #jisoo #lisa #rose #zen#likejennie #trending #blackpink,"Mar 18, 2025",46,95
2025-04-19,UDmNeED9fzw,Jennie at ruby experience#jennie #kpop #ruby #jisoo #lisa #rose #zen#likejennie #trending #blackpink,"Mar 18, 2025",46,132
2025-04-20,UDmNeED9fzw,Jennie at ruby experience#jennie #kpop #ruby #jisoo #lisa #rose #zen#likejennie #trending #blackpink,"Mar 18, 2025",46,99
2025-04-21,UDmNeED9fzw,Jennie at ruby experience#jennie #kpop #ruby #jisoo #lisa #rose #zen#likejennie #trending #blackpink,"Mar 18, 2025",46,82
2025-04-22,UDmNeED9fzw,Jennie at ruby experience#jennie #kpop #ruby #jisoo #lisa #rose #zen#likejennie #trending #blackpink,"Mar 18, 2025",46,75
2025-04-23,UDmNeED9fzw,Jennie at ruby experience#jennie #kpop #ruby #jisoo #lisa #rose #zen#likejennie #trending #blackpink,"Mar 18, 2025",46,135
2025-04-24,UDmNeED9fzw,Jennie at ruby experience#jennie #kpop #ruby #jisoo #lisa #rose #zen#likejennie #trending #blackpink,"Mar 18, 2025",46,75
2025-04-25,UDmNeED9fzw,Jennie at ruby experience#jennie #kpop #ruby #jisoo #lisa #rose #zen#likejennie #trending #blackpink,"Mar 18, 2025",46,127
2025-04-26,UDmNeED9fzw,Jennie at ruby experience#jennie #kpop #ruby #jisoo #lisa #rose #zen#likejennie #trending #blackpink,"Mar 18, 2025",46,76
2025-04-27,UDmNeED9fzw,Jennie at ruby experience#jennie #kpop #ruby #jisoo #lisa #rose #zen#likejennie #trending #blackpink,"Mar 18, 2025",46,59
2025-04-28,UDmNeED9fzw,Jennie at ruby experience#jennie #kpop #ruby #jisoo #lisa #rose #zen#likejennie #trending #blackpink,"Mar 18, 2025",46,49
2025-04-29,UDmNeED9fzw,Jennie at ruby experience#jennie #kpop #ruby #jisoo #lisa #rose #zen#likejennie #trending #blackpink,"Mar 18, 2025",46,65
2025-04-30,UDmNeED9fzw,Jennie at ruby experience#jennie #kpop #ruby #jisoo #lisa #rose #zen#likejennie #trending #blackpink,"Mar 18, 2025",46,55
2025-05-01,UDmNeED9fzw,Jennie at ruby experience#jennie #kpop #ruby #jisoo #lisa #rose #zen#likejennie #trending #blackpink,"Mar 18, 2025",46,70
2025-05-02,UDmNeED9fzw,Jennie at ruby experience#jennie #kpop #ruby #jisoo #lisa #rose #zen#likejennie #trending #blackpink,"Mar 18, 2025",46,68
2025-05-03,UDmNeED9fzw,Jennie at ruby experience#jennie #kpop #ruby #jisoo #lisa #rose #zen#likejennie #trending #blackpink,"Mar 18, 2025",46,74
2025-05-04,UDmNeED9fzw,Jennie at ruby experience#jennie #kpop #ruby #jisoo #lisa #rose #zen#likejennie #trending #blackpink,"Mar 18, 2025",46,75
2025-05-05,UDmNeED9fzw,Jennie at ruby experience#jennie #kpop #ruby #jisoo #lisa #rose #zen#likejennie #trending #blackpink,"Mar 18, 2025",46,76
2025-05-06,UDmNeED9fzw,Jennie at ruby experience#jennie #kpop #ruby #jisoo #lisa #rose #zen#likejennie #trending #blackpink,"Mar 18, 2025",46,80
2025-05-07,UDmNeED9fzw,Jennie at ruby experience#jennie #kpop #ruby #jisoo #lisa #rose #zen#likejennie #trending #blackpink,"Mar 18, 2025",46,53
2025-05-08,UDmNeED9fzw,Jennie at ruby experience#jennie #kpop #ruby #jisoo #lisa #rose #zen#likejennie #trending #blackpink,"Mar 18, 2025",46,52
2025-05-09,UDmNeED9fzw,Jennie at ruby experience#jennie #kpop #ruby #jisoo #lisa #rose #zen#likejennie #trending #blackpink,"Mar 18, 2025",46,53
2025-05-10,UDmNeED9fzw,Jennie at ruby experience#jennie #kpop #ruby #jisoo #lisa #rose #zen#likejennie #trending #blackpink,"Mar 18, 2025",46,24
2025-05-11,UDmNeED9fzw,Jennie at ruby experience#jennie #kpop #ruby #jisoo #lisa #rose #zen#likejennie #trending #blackpink,"Mar 18, 2025",46,31
2025-05-12,UDmNeED9fzw,Jennie at ruby experience#jennie #kpop #ruby #jisoo #lisa #rose #zen#likejennie #trending #blackpink,"Mar 18, 2025",46,18
2025-05-13,UDmNeED9fzw,Jennie at ruby experience#jennie #kpop #ruby #jisoo #lisa #rose #zen#likejennie #trending #blackpink,"Mar 18, 2025",46,38
2025-05-14,UDmNeED9fzw,Jennie at ruby experience#jennie #kpop #ruby #jisoo #lisa #rose #zen#likejennie #trending #blackpink,"Mar 18, 2025",46,33
2025-05-15,UDmNeED9fzw,Jennie at ruby experience#jennie #kpop #ruby #jisoo #lisa #rose #zen#likejennie #trending #blackpink,"Mar 18, 2025",46,37
2025-05-16,UDmNeED9fzw,Jennie at ruby experience#jennie #kpop #ruby #jisoo #lisa #rose #zen#likejennie #trending #blackpink,"Mar 18, 2025",46,25
2025-05-17,UDmNeED9fzw,Jennie at ruby experience#jennie #kpop #ruby #jisoo #lisa #rose #zen#likejennie #trending #blackpink,"Mar 18, 2025",46,79
2025-05-18,UDmNeED9fzw,Jennie at ruby experience#jennie #kpop #ruby #jisoo #lisa #rose #zen#likejennie #trending #blackpink,"Mar 18, 2025",46,31
2025-05-19,UDmNeED9fzw,Jennie at ruby experience#jennie #kpop #ruby #jisoo #lisa #rose #zen#likejennie #trending #blackpink,"Mar 18, 2025",46,25
2025-05-20,UDmNeED9fzw,Jennie at ruby experience#jennie #kpop #ruby #jisoo #lisa #rose #zen#likejennie #trending #blackpink,"Mar 18, 2025",46,7
2025-05-21,UDmNeED9fzw,Jennie at ruby experience#jennie #kpop #ruby #jisoo #lisa #rose #zen#likejennie #trending #blackpink,"Mar 18, 2025",46,8
2025-05-22,UDmNeED9fzw,Jennie at ruby experience#jennie #kpop #ruby #jisoo #lisa #rose #zen#likejennie #trending #blackpink,"Mar 18, 2025",46,22
2025-05-23,UDmNeED9fzw,Jennie at ruby experience#jennie #kpop #ruby #jisoo #lisa #rose #zen#likejennie #trending #blackpink,"Mar 18, 2025",46,15
2025-05-24,UDmNeED9fzw,Jennie at ruby experience#jennie #kpop #ruby #jisoo #lisa #rose #zen#likejennie #trending #blackpink,"Mar 18, 2025",46,5
2025-05-25,UDmNeED9fzw,Jennie at ruby experience#jennie #kpop #ruby #jisoo #lisa #rose #zen#likejennie #trending #blackpink,"Mar 18, 2025",46,4
2025-05-26,UDmNeED9fzw,Jennie at ruby experience#jennie #kpop #ruby #jisoo #lisa #rose #zen#likejennie #trending #blackpink,"Mar 18, 2025",46,13
2025-05-27,UDmNeED9fzw,Jennie at ruby experience#jennie #kpop #ruby #jisoo #lisa #rose #zen#likejennie #trending #blackpink,"Mar 18, 2025",46,8
2025-02-27,_sZfgc95Ue0,Like Jennie live choreo #kpop #concert #jennie #likejennie #foryou #trending #jenniekim #jisoo #lisa,"Mar 8, 2025",21,0
2025-02-28,_sZfgc95Ue0,Like Jennie live choreo #kpop #concert #jennie #likejennie #foryou #trending #jenniekim #jisoo #lisa,"Mar 8, 2025",21,0
2025-03-01,_sZfgc95Ue0,Like Jennie live choreo #kpop #concert #jennie #likejennie #foryou #trending #jenniekim #jisoo #lisa,"Mar 8, 2025",21,0
2025-03-02,_sZfgc95Ue0,Like Jennie live choreo #kpop #concert #jennie #likejennie #foryou #trending #jenniekim #jisoo #lisa,"Mar 8, 2025",21,0
2025-03-03,_sZfgc95Ue0,Like Jennie live choreo #kpop #concert #jennie #likejennie #foryou #trending #jenniekim #jisoo #lisa,"Mar 8, 2025",21,0
2025-03-04,_sZfgc95Ue0,Like Jennie live choreo #kpop #concert #jennie #likejennie #foryou #trending #jenniekim #jisoo #lisa,"Mar 8, 2025",21,0
2025-03-05,_sZfgc95Ue0,Like Jennie live choreo #kpop #concert #jennie #likejennie #foryou #trending #jenniekim #jisoo #lisa,"Mar 8, 2025",21,0
2025-03-06,_sZfgc95Ue0,Like Jennie live choreo #kpop #concert #jennie #likejennie #foryou #trending #jenniekim #jisoo #lisa,"Mar 8, 2025",21,0
2025-03-07,_sZfgc95Ue0,Like Jennie live choreo #kpop #concert #jennie #likejennie #foryou #trending #jenniekim #jisoo #lisa,"Mar 8, 2025",21,0
2025-03-08,_sZfgc95Ue0,Like Jennie live choreo #kpop #concert #jennie #likejennie #foryou #trending #jenniekim #jisoo #lisa,"Mar 8, 2025",21,2085
2025-03-09,_sZfgc95Ue0,Like Jennie live choreo #kpop #concert #jennie #likejennie #foryou #trending #jenniekim #jisoo #lisa,"Mar 8, 2025",21,723
2025-03-10,_sZfgc95Ue0,Like Jennie live choreo #kpop #concert #jennie #likejennie #foryou #trending #jenniekim #jisoo #lisa,"Mar 8, 2025",21,232
2025-03-11,_sZfgc95Ue0,Like Jennie live choreo #kpop #concert #jennie #likejennie #foryou #trending #jenniekim #jisoo #lisa,"Mar 8, 2025",21,234
2025-03-12,_sZfgc95Ue0,Like Jennie live choreo #kpop #concert #jennie #likejennie #foryou #trending #jenniekim #jisoo #lisa,"Mar 8, 2025",21,133
2025-03-13,_sZfgc95Ue0,Like Jennie live choreo #kpop #concert #jennie #likejennie #foryou #trending #jenniekim #jisoo #lisa,"Mar 8, 2025",21,618
2025-03-14,_sZfgc95Ue0,Like Jennie live choreo #kpop #concert #jennie #likejennie #foryou #trending #jenniekim #jisoo #lisa,"Mar 8, 2025",21,12876
2025-03-15,_sZfgc95Ue0,Like Jennie live choreo #kpop #concert #jennie #likejennie #foryou #trending #jenniekim #jisoo #lisa,"Mar 8, 2025",21,180
2025-03-16,_sZfgc95Ue0,Like Jennie live choreo #kpop #concert #jennie #likejennie #foryou #trending #jenniekim #jisoo #lisa,"Mar 8, 2025",21,102
2025-03-17,_sZfgc95Ue0,Like Jennie live choreo #kpop #concert #jennie #likejennie #foryou #trending #jenniekim #jisoo #lisa,"Mar 8, 2025",21,110
2025-03-18,_sZfgc95Ue0,Like Jennie live choreo #kpop #concert #jennie #likejennie #foryou #trending #jenniekim #jisoo #lisa,"Mar 8, 2025",21,90
2025-03-19,_sZfgc95Ue0,Like Jennie live choreo #kpop #concert #jennie #likejennie #foryou #trending #jenniekim #jisoo #lisa,"Mar 8, 2025",21,30
2025-03-20,_sZfgc95Ue0,Like Jennie live choreo #kpop #concert #jennie #likejennie #foryou #trending #jenniekim #jisoo #lisa,"Mar 8, 2025",21,18
2025-03-21,_sZfgc95Ue0,Like Jennie live choreo #kpop #concert #jennie #likejennie #foryou #trending #jenniekim #jisoo #lisa,"Mar 8, 2025",21,30
2025-03-22,_sZfgc95Ue0,Like Jennie live choreo #kpop #concert #jennie #likejennie #foryou #trending #jenniekim #jisoo #lisa,"Mar 8, 2025",21,40
2025-03-23,_sZfgc95Ue0,Like Jennie live choreo #kpop #concert #jennie #likejennie #foryou #trending #jenniekim #jisoo #lisa,"Mar 8, 2025",21,44
2025-03-24,_sZfgc95Ue0,Like Jennie live choreo #kpop #concert #jennie #likejennie #foryou #trending #jenniekim #jisoo #lisa,"Mar 8, 2025",21,37
2025-03-25,_sZfgc95Ue0,Like Jennie live choreo #kpop #concert #jennie #likejennie #foryou #trending #jenniekim #jisoo #lisa,"Mar 8, 2025",21,27
2025-03-26,_sZfgc95Ue0,Like Jennie live choreo #kpop #concert #jennie #likejennie #foryou #trending #jenniekim #jisoo #lisa,"Mar 8, 2025",21,24
2025-03-27,_sZfgc95Ue0,Like Jennie live choreo #kpop #concert #jennie #likejennie #foryou #trending #jenniekim #jisoo #lisa,"Mar 8, 2025",21,23
2025-03-28,_sZfgc95Ue0,Like Jennie live choreo #kpop #concert #jennie #likejennie #foryou #trending #jenniekim #jisoo #lisa,"Mar 8, 2025",21,17
2025-03-29,_sZfgc95Ue0,Like Jennie live choreo #kpop #concert #jennie #likejennie #foryou #trending #jenniekim #jisoo #lisa,"Mar 8, 2025",21,8
2025-03-30,_sZfgc95Ue0,Like Jennie live choreo #kpop #concert #jennie #likejennie #foryou #trending #jenniekim #jisoo #lisa,"Mar 8, 2025",21,14
2025-03-31,_sZfgc95Ue0,Like Jennie live choreo #kpop #concert #jennie #likejennie #foryou #trending #jenniekim #jisoo #lisa,"Mar 8, 2025",21,17
2025-04-01,_sZfgc95Ue0,Like Jennie live choreo #kpop #concert #jennie #likejennie #foryou #trending #jenniekim #jisoo #lisa,"Mar 8, 2025",21,18
2025-04-02,_sZfgc95Ue0,Like Jennie live choreo #kpop #concert #jennie #likejennie #foryou #trending #jenniekim #jisoo #lisa,"Mar 8, 2025",21,16
2025-04-03,_sZfgc95Ue0,Like Jennie live choreo #kpop #concert #jennie #likejennie #foryou #trending #jenniekim #jisoo #lisa,"Mar 8, 2025",21,11
2025-04-04,_sZfgc95Ue0,Like Jennie live choreo #kpop #concert #jennie #likejennie #foryou #trending #jenniekim #jisoo #lisa,"Mar 8, 2025",21,15
2025-04-05,_sZfgc95Ue0,Like Jennie live choreo #kpop #concert #jennie #likejennie #foryou #trending #jenniekim #jisoo #lisa,"Mar 8, 2025",21,17
2025-04-06,_sZfgc95Ue0,Like Jennie live choreo #kpop #concert #jennie #likejennie #foryou #trending #jenniekim #jisoo #lisa,"Mar 8, 2025",21,18
2025-04-07,_sZfgc95Ue0,Like Jennie live choreo #kpop #concert #jennie #likejennie #foryou #trending #jenniekim #jisoo #lisa,"Mar 8, 2025",21,10
2025-04-08,_sZfgc95Ue0,Like Jennie live choreo #kpop #concert #jennie #likejennie #foryou #trending #jenniekim #jisoo #lisa,"Mar 8, 2025",21,23
2025-04-09,_sZfgc95Ue0,Like Jennie live choreo #kpop #concert #jennie #likejennie #foryou #trending #jenniekim #jisoo #lisa,"Mar 8, 2025",21,17
2025-04-10,_sZfgc95Ue0,Like Jennie live choreo #kpop #concert #jennie #likejennie #foryou #trending #jenniekim #jisoo #lisa,"Mar 8, 2025",21,16
2025-04-11,_sZfgc95Ue0,Like Jennie live choreo #kpop #concert #jennie #likejennie #foryou #trending #jenniekim #jisoo #lisa,"Mar 8, 2025",21,19
2025-04-12,_sZfgc95Ue0,Like Jennie live choreo #kpop #concert #jennie #likejennie #foryou #trending #jenniekim #jisoo #lisa,"Mar 8, 2025",21,10
2025-04-13,_sZfgc95Ue0,Like Jennie live choreo #kpop #concert #jennie #likejennie #foryou #trending #jenniekim #jisoo #lisa,"Mar 8, 2025",21,7
2025-04-14,_sZfgc95Ue0,Like Jennie live choreo #kpop #concert #jennie #likejennie #foryou #trending #jenniekim #jisoo #lisa,"Mar 8, 2025",21,1
2025-04-15,_sZfgc95Ue0,Like Jennie live choreo #kpop #concert #jennie #likejennie #foryou #trending #jenniekim #jisoo #lisa,"Mar 8, 2025",21,9
2025-04-16,_sZfgc95Ue0,Like Jennie live choreo #kpop #concert #jennie #likejennie #foryou #trending #jenniekim #jisoo #lisa,"Mar 8, 2025",21,7
2025-04-17,_sZfgc95Ue0,Like Jennie live choreo #kpop #concert #jennie #likejennie #foryou #trending #jenniekim #jisoo #lisa,"Mar 8, 2025",21,2
2025-04-18,_sZfgc95Ue0,Like Jennie live choreo #kpop #concert #jennie #likejennie #foryou #trending #jenniekim #jisoo #lisa,"Mar 8, 2025",21,4
2025-04-19,_sZfgc95Ue0,Like Jennie live choreo #kpop #concert #jennie #likejennie #foryou #trending #jenniekim #jisoo #lisa,"Mar 8, 2025",21,4
2025-04-20,_sZfgc95Ue0,Like Jennie live choreo #kpop #concert #jennie #likejennie #foryou #trending #jenniekim #jisoo #lisa,"Mar 8, 2025",21,9
2025-04-21,_sZfgc95Ue0,Like Jennie live choreo #kpop #concert #jennie #likejennie #foryou #trending #jenniekim #jisoo #lisa,"Mar 8, 2025",21,14
2025-04-22,_sZfgc95Ue0,Like Jennie live choreo #kpop #concert #jennie #likejennie #foryou #trending #jenniekim #jisoo #lisa,"Mar 8, 2025",21,3
2025-04-23,_sZfgc95Ue0,Like Jennie live choreo #kpop #concert #jennie #likejennie #foryou #trending #jenniekim #jisoo #lisa,"Mar 8, 2025",21,9
2025-04-24,_sZfgc95Ue0,Like Jennie live choreo #kpop #concert #jennie #likejennie #foryou #trending #jenniekim #jisoo #lisa,"Mar 8, 2025",21,8
2025-04-25,_sZfgc95Ue0,Like Jennie live choreo #kpop #concert #jennie #likejennie #foryou #trending #jenniekim #jisoo #lisa,"Mar 8, 2025",21,8
2025-04-26,_sZfgc95Ue0,Like Jennie live choreo #kpop #concert #jennie #likejennie #foryou #trending #jenniekim #jisoo #lisa,"Mar 8, 2025",21,3
2025-04-27,_sZfgc95Ue0,Like Jennie live choreo #kpop #concert #jennie #likejennie #foryou #trending #jenniekim #jisoo #lisa,"Mar 8, 2025",21,2
2025-04-28,_sZfgc95Ue0,Like Jennie live choreo #kpop #concert #jennie #likejennie #foryou #trending #jenniekim #jisoo #lisa,"Mar 8, 2025",21,11
2025-04-29,_sZfgc95Ue0,Like Jennie live choreo #kpop #concert #jennie #likejennie #foryou #trending #jenniekim #jisoo #lisa,"Mar 8, 2025",21,7
2025-04-30,_sZfgc95Ue0,Like Jennie live choreo #kpop #concert #jennie #likejennie #foryou #trending #jenniekim #jisoo #lisa,"Mar 8, 2025",21,9
2025-05-01,_sZfgc95Ue0,Like Jennie live choreo #kpop #concert #jennie #likejennie #foryou #trending #jenniekim #jisoo #lisa,"Mar 8, 2025",21,3
2025-05-02,_sZfgc95Ue0,Like Jennie live choreo #kpop #concert #jennie #likejennie #foryou #trending #jenniekim #jisoo #lisa,"Mar 8, 2025",21,2
2025-05-03,_sZfgc95Ue0,Like Jennie live choreo #kpop #concert #jennie #likejennie #foryou #trending #jenniekim #jisoo #lisa,"Mar 8, 2025",21,4
2025-05-04,_sZfgc95Ue0,Like Jennie live choreo #kpop #concert #jennie #likejennie #foryou #trending #jenniekim #jisoo #lisa,"Mar 8, 2025",21,5
2025-05-05,_sZfgc95Ue0,Like Jennie live choreo #kpop #concert #jennie #likejennie #foryou #trending #jenniekim #jisoo #lisa,"Mar 8, 2025",21,1
2025-05-06,_sZfgc95Ue0,Like Jennie live choreo #kpop #concert #jennie #likejennie #foryou #trending #jenniekim #jisoo #lisa,"Mar 8, 2025",21,6
2025-05-07,_sZfgc95Ue0,Like Jennie live choreo #kpop #concert #jennie #likejennie #foryou #trending #jenniekim #jisoo #lisa,"Mar 8, 2025",21,2
2025-05-08,_sZfgc95Ue0,Like Jennie live choreo #kpop #concert #jennie #likejennie #foryou #trending #jenniekim #jisoo #lisa,"Mar 8, 2025",21,0
2025-05-09,_sZfgc95Ue0,Like Jennie live choreo #kpop #concert #jennie #likejennie #foryou #trending #jenniekim #jisoo #lisa,"Mar 8, 2025",21,1
2025-05-10,_sZfgc95Ue0,Like Jennie live choreo #kpop #concert #jennie #likejennie #foryou #trending #jenniekim #jisoo #lisa,"Mar 8, 2025",21,0
2025-05-11,_sZfgc95Ue0,Like Jennie live choreo #kpop #concert #jennie #likejennie #foryou #trending #jenniekim #jisoo #lisa,"Mar 8, 2025",21,1
2025-05-12,_sZfgc95Ue0,Like Jennie live choreo #kpop #concert #jennie #likejennie #foryou #trending #jenniekim #jisoo #lisa,"Mar 8, 2025",21,0
2025-05-13,_sZfgc95Ue0,Like Jennie live choreo #kpop #concert #jennie #likejennie #foryou #trending #jenniekim #jisoo #lisa,"Mar 8, 2025",21,0
2025-05-14,_sZfgc95Ue0,Like Jennie live choreo #kpop #concert #jennie #likejennie #foryou #trending #jenniekim #jisoo #lisa,"Mar 8, 2025",21,0
2025-05-15,_sZfgc95Ue0,Like Jennie live choreo #kpop #concert #jennie #likejennie #foryou #trending #jenniekim #jisoo #lisa,"Mar 8, 2025",21,3
2025-05-16,_sZfgc95Ue0,Like Jennie live choreo #kpop #concert #jennie #likejennie #foryou #trending #jenniekim #jisoo #lisa,"Mar 8, 2025",21,3
2025-05-17,_sZfgc95Ue0,Like Jennie live choreo #kpop #concert #jennie #likejennie #foryou #trending #jenniekim #jisoo #lisa,"Mar 8, 2025",21,1
2025-05-18,_sZfgc95Ue0,Like Jennie live choreo #kpop #concert #jennie #likejennie #foryou #trending #jenniekim #jisoo #lisa,"Mar 8, 2025",21,0
2025-05-19,_sZfgc95Ue0,Like Jennie live choreo #kpop #concert #jennie #likejennie #foryou #trending #jenniekim #jisoo #lisa,"Mar 8, 2025",21,0
2025-05-20,_sZfgc95Ue0,Like Jennie live choreo #kpop #concert #jennie #likejennie #foryou #trending #jenniekim #jisoo #lisa,"Mar 8, 2025",21,1
2025-05-21,_sZfgc95Ue0,Like Jennie live choreo #kpop #concert #jennie #likejennie #foryou #trending #jenniekim #jisoo #lisa,"Mar 8, 2025",21,0
2025-05-22,_sZfgc95Ue0,Like Jennie live choreo #kpop #concert #jennie #likejennie #foryou #trending #jenniekim #jisoo #lisa,"Mar 8, 2025",21,0
2025-05-23,_sZfgc95Ue0,Like Jennie live choreo #kpop #concert #jennie #likejennie #foryou #trending #jenniekim #jisoo #lisa,"Mar 8, 2025",21,0
2025-05-24,_sZfgc95Ue0,Like Jennie live choreo #kpop #concert #jennie #likejennie #foryou #trending #jenniekim #jisoo #lisa,"Mar 8, 2025",21,0
2025-05-25,_sZfgc95Ue0,Like Jennie live choreo #kpop #concert #jennie #likejennie #foryou #trending #jenniekim #jisoo #lisa,"Mar 8, 2025",21,1
2025-05-26,_sZfgc95Ue0,Like Jennie live choreo #kpop #concert #jennie #likejennie #foryou #trending #jenniekim #jisoo #lisa,"Mar 8, 2025",21,0
2025-05-27,_sZfgc95Ue0,Like Jennie live choreo #kpop #concert #jennie #likejennie #foryou #trending #jenniekim #jisoo #lisa,"Mar 8, 2025",21,0
2025-02-27,pWeXNmxZM-c,Demon Slayer: Kimetsu no Yaiba Infinity Castle | FINAL TRAILER,"May 22, 2025",90,0
2025-02-28,pWeXNmxZM-c,Demon Slayer: Kimetsu no Yaiba Infinity Castle | FINAL TRAILER,"May 22, 2025",90,0
2025-03-01,pWeXNmxZM-c,Demon Slayer: Kimetsu no Yaiba Infinity Castle | FINAL TRAILER,"May 22, 2025",90,0
2025-03-02,pWeXNmxZM-c,Demon Slayer: Kimetsu no Yaiba Infinity Castle | FINAL TRAILER,"May 22, 2025",90,0
2025-03-03,pWeXNmxZM-c,Demon Slayer: Kimetsu no Yaiba Infinity Castle | FINAL TRAILER,"May 22, 2025",90,0
2025-03-04,pWeXNmxZM-c,Demon Slayer: Kimetsu no Yaiba Infinity Castle | FINAL TRAILER,"May 22, 2025",90,0
2025-03-05,pWeXNmxZM-c,Demon Slayer: Kimetsu no Yaiba Infinity Castle | FINAL TRAILER,"May 22, 2025",90,0
2025-03-06,pWeXNmxZM-c,Demon Slayer: Kimetsu no Yaiba Infinity Castle | FINAL TRAILER,"May 22, 2025",90,0
2025-03-07,pWeXNmxZM-c,Demon Slayer: Kimetsu no Yaiba Infinity Castle | FINAL TRAILER,"May 22, 2025",90,0
2025-03-08,pWeXNmxZM-c,Demon Slayer: Kimetsu no Yaiba Infinity Castle | FINAL TRAILER,"May 22, 2025",90,0
2025-03-09,pWeXNmxZM-c,Demon Slayer: Kimetsu no Yaiba Infinity Castle | FINAL TRAILER,"May 22, 2025",90,0
2025-03-10,pWeXNmxZM-c,Demon Slayer: Kimetsu no Yaiba Infinity Castle | FINAL TRAILER,"May 22, 2025",90,0
2025-03-11,pWeXNmxZM-c,Demon Slayer: Kimetsu no Yaiba Infinity Castle | FINAL TRAILER,"May 22, 2025",90,0
2025-03-12,pWeXNmxZM-c,Demon Slayer: Kimetsu no Yaiba Infinity Castle | FINAL TRAILER,"May 22, 2025",90,0
2025-03-13,pWeXNmxZM-c,Demon Slayer: Kimetsu no Yaiba Infinity Castle | FINAL TRAILER,"May 22, 2025",90,0
2025-03-14,pWeXNmxZM-c,Demon Slayer: Kimetsu no Yaiba Infinity Castle | FINAL TRAILER,"May 22, 2025",90,0
2025-03-15,pWeXNmxZM-c,Demon Slayer: Kimetsu no Yaiba Infinity Castle | FINAL TRAILER,"May 22, 2025",90,0
2025-03-16,pWeXNmxZM-c,Demon Slayer: Kimetsu no Yaiba Infinity Castle | FINAL TRAILER,"May 22, 2025",90,0
2025-03-17,pWeXNmxZM-c,Demon Slayer: Kimetsu no Yaiba Infinity Castle | FINAL TRAILER,"May 22, 2025",90,0
2025-03-18,pWeXNmxZM-c,Demon Slayer: Kimetsu no Yaiba Infinity Castle | FINAL TRAILER,"May 22, 2025",90,0
2025-03-19,pWeXNmxZM-c,Demon Slayer: Kimetsu no Yaiba Infinity Castle | FINAL TRAILER,"May 22, 2025",90,0
2025-03-20,pWeXNmxZM-c,Demon Slayer: Kimetsu no Yaiba Infinity Castle | FINAL TRAILER,"May 22, 2025",90,0
2025-03-21,pWeXNmxZM-c,Demon Slayer: Kimetsu no Yaiba Infinity Castle | FINAL TRAILER,"May 22, 2025",90,0
2025-03-22,pWeXNmxZM-c,Demon Slayer: Kimetsu no Yaiba Infinity Castle | FINAL TRAILER,"May 22, 2025",90,0
2025-03-23,pWeXNmxZM-c,Demon Slayer: Kimetsu no Yaiba Infinity Castle | FINAL TRAILER,"May 22, 2025",90,0
2025-03-24,pWeXNmxZM-c,Demon Slayer: Kimetsu no Yaiba Infinity Castle | FINAL TRAILER,"May 22, 2025",90,0
2025-03-25,pWeXNmxZM-c,Demon Slayer: Kimetsu no Yaiba Infinity Castle | FINAL TRAILER,"May 22, 2025",90,0
2025-03-26,pWeXNmxZM-c,Demon Slayer: Kimetsu no Yaiba Infinity Castle | FINAL TRAILER,"May 22, 2025",90,0
2025-03-27,pWeXNmxZM-c,Demon Slayer: Kimetsu no Yaiba Infinity Castle | FINAL TRAILER,"May 22, 2025",90,0
2025-03-28,pWeXNmxZM-c,Demon Slayer: Kimetsu no Yaiba Infinity Castle | FINAL TRAILER,"May 22, 2025",90,0
2025-03-29,pWeXNmxZM-c,Demon Slayer: Kimetsu no Yaiba Infinity Castle | FINAL TRAILER,"May 22, 2025",90,0
2025-03-30,pWeXNmxZM-c,Demon Slayer: Kimetsu no Yaiba Infinity Castle | FINAL TRAILER,"May 22, 2025",90,0
2025-03-31,pWeXNmxZM-c,Demon Slayer: Kimetsu no Yaiba Infinity Castle | FINAL TRAILER,"May 22, 2025",90,0
2025-04-01,pWeXNmxZM-c,Demon Slayer: Kimetsu no Yaiba Infinity Castle | FINAL TRAILER,"May 22, 2025",90,0
2025-04-02,pWeXNmxZM-c,Demon Slayer: Kimetsu no Yaiba Infinity Castle | FINAL TRAILER,"May 22, 2025",90,0
2025-04-03,pWeXNmxZM-c,Demon Slayer: Kimetsu no Yaiba Infinity Castle | FINAL TRAILER,"May 22, 2025",90,0
2025-04-04,pWeXNmxZM-c,Demon Slayer: Kimetsu no Yaiba Infinity Castle | FINAL TRAILER,"May 22, 2025",90,0
2025-04-05,pWeXNmxZM-c,Demon Slayer: Kimetsu no Yaiba Infinity Castle | FINAL TRAILER,"May 22, 2025",90,0
2025-04-06,pWeXNmxZM-c,Demon Slayer: Kimetsu no Yaiba Infinity Castle | FINAL TRAILER,"May 22, 2025",90,0
2025-04-07,pWeXNmxZM-c,Demon Slayer: Kimetsu no Yaiba Infinity Castle | FINAL TRAILER,"May 22, 2025",90,0
2025-04-08,pWeXNmxZM-c,Demon Slayer: Kimetsu no Yaiba Infinity Castle | FINAL TRAILER,"May 22, 2025",90,0
2025-04-09,pWeXNmxZM-c,Demon Slayer: Kimetsu no Yaiba Infinity Castle | FINAL TRAILER,"May 22, 2025",90,0
2025-04-10,pWeXNmxZM-c,Demon Slayer: Kimetsu no Yaiba Infinity Castle | FINAL TRAILER,"May 22, 2025",90,0
2025-04-11,pWeXNmxZM-c,Demon Slayer: Kimetsu no Yaiba Infinity Castle | FINAL TRAILER,"May 22, 2025",90,0
2025-04-12,pWeXNmxZM-c,Demon Slayer: Kimetsu no Yaiba Infinity Castle | FINAL TRAILER,"May 22, 2025",90,0
2025-04-13,pWeXNmxZM-c,Demon Slayer: Kimetsu no Yaiba Infinity Castle | FINAL TRAILER,"May 22, 2025",90,0
2025-04-14,pWeXNmxZM-c,Demon Slayer: Kimetsu no Yaiba Infinity Castle | FINAL TRAILER,"May 22, 2025",90,0
2025-04-15,pWeXNmxZM-c,Demon Slayer: Kimetsu no Yaiba Infinity Castle | FINAL TRAILER,"May 22, 2025",90,0
2025-04-16,pWeXNmxZM-c,Demon Slayer: Kimetsu no Yaiba Infinity Castle | FINAL TRAILER,"May 22, 2025",90,0
2025-04-17,pWeXNmxZM-c,Demon Slayer: Kimetsu no Yaiba Infinity Castle | FINAL TRAILER,"May 22, 2025",90,0
2025-04-18,pWeXNmxZM-c,Demon Slayer: Kimetsu no Yaiba Infinity Castle | FINAL TRAILER,"May 22, 2025",90,0
2025-04-19,pWeXNmxZM-c,Demon Slayer: Kimetsu no Yaiba Infinity Castle | FINAL TRAILER,"May 22, 2025",90,0
2025-04-20,pWeXNmxZM-c,Demon Slayer: Kimetsu no Yaiba Infinity Castle | FINAL TRAILER,"May 22, 2025",90,0
2025-04-21,pWeXNmxZM-c,Demon Slayer: Kimetsu no Yaiba Infinity Castle | FINAL TRAILER,"May 22, 2025",90,0
2025-04-22,pWeXNmxZM-c,Demon Slayer: Kimetsu no Yaiba Infinity Castle | FINAL TRAILER,"May 22, 2025",90,0
2025-04-23,pWeXNmxZM-c,Demon Slayer: Kimetsu no Yaiba Infinity Castle | FINAL TRAILER,"May 22, 2025",90,0
2025-04-24,pWeXNmxZM-c,Demon Slayer: Kimetsu no Yaiba Infinity Castle | FINAL TRAILER,"May 22, 2025",90,0
2025-04-25,pWeXNmxZM-c,Demon Slayer: Kimetsu no Yaiba Infinity Castle | FINAL TRAILER,"May 22, 2025",90,0
2025-04-26,pWeXNmxZM-c,Demon Slayer: Kimetsu no Yaiba Infinity Castle | FINAL TRAILER,"May 22, 2025",90,0
2025-04-27,pWeXNmxZM-c,Demon Slayer: Kimetsu no Yaiba Infinity Castle | FINAL TRAILER,"May 22, 2025",90,0
2025-04-28,pWeXNmxZM-c,Demon Slayer: Kimetsu no Yaiba Infinity Castle | FINAL TRAILER,"May 22, 2025",90,0
2025-04-29,pWeXNmxZM-c,Demon Slayer: Kimetsu no Yaiba Infinity Castle | FINAL TRAILER,"May 22, 2025",90,0
2025-04-30,pWeXNmxZM-c,Demon Slayer: Kimetsu no Yaiba Infinity Castle | FINAL TRAILER,"May 22, 2025",90,0
2025-05-01,pWeXNmxZM-c,Demon Slayer: Kimetsu no Yaiba Infinity Castle | FINAL TRAILER,"May 22, 2025",90,0
2025-05-02,pWeXNmxZM-c,Demon Slayer: Kimetsu no Yaiba Infinity Castle | FINAL TRAILER,"May 22, 2025",90,0
2025-05-03,pWeXNmxZM-c,Demon Slayer: Kimetsu no Yaiba Infinity Castle | FINAL TRAILER,"May 22, 2025",90,0
2025-05-04,pWeXNmxZM-c,Demon Slayer: Kimetsu no Yaiba Infinity Castle | FINAL TRAILER,"May 22, 2025",90,0
2025-05-05,pWeXNmxZM-c,Demon Slayer: Kimetsu no Yaiba Infinity Castle | FINAL TRAILER,"May 22, 2025",90,0
2025-05-06,pWeXNmxZM-c,Demon Slayer: Kimetsu no Yaiba Infinity Castle | FINAL TRAILER,"May 22, 2025",90,0
2025-05-07,pWeXNmxZM-c,Demon Slayer: Kimetsu no Yaiba Infinity Castle | FINAL TRAILER,"May 22, 2025",90,0
2025-05-08,pWeXNmxZM-c,Demon Slayer: Kimetsu no Yaiba Infinity Castle | FINAL TRAILER,"May 22, 2025",90,0
2025-05-09,pWeXNmxZM-c,Demon Slayer: Kimetsu no Yaiba Infinity Castle | FINAL TRAILER,"May 22, 2025",90,0
2025-05-10,pWeXNmxZM-c,Demon Slayer: Kimetsu no Yaiba Infinity Castle | FINAL TRAILER,"May 22, 2025",90,0
2025-05-11,pWeXNmxZM-c,Demon Slayer: Kimetsu no Yaiba Infinity Castle | FINAL TRAILER,"May 22, 2025",90,0
2025-05-12,pWeXNmxZM-c,Demon Slayer: Kimetsu no Yaiba Infinity Castle | FINAL TRAILER,"May 22, 2025",90,0
2025-05-13,pWeXNmxZM-c,Demon Slayer: Kimetsu no Yaiba Infinity Castle | FINAL TRAILER,"May 22, 2025",90,0
2025-05-14,pWeXNmxZM-c,Demon Slayer: Kimetsu no Yaiba Infinity Castle | FINAL TRAILER,"May 22, 2025",90,0
2025-05-15,pWeXNmxZM-c,Demon Slayer: Kimetsu no Yaiba Infinity Castle | FINAL TRAILER,"May 22, 2025",90,0
2025-05-16,pWeXNmxZM-c,Demon Slayer: Kimetsu no Yaiba Infinity Castle | FINAL TRAILER,"May 22, 2025",90,0
2025-05-17,pWeXNmxZM-c,Demon Slayer: Kimetsu no Yaiba Infinity Castle | FINAL TRAILER,"May 22, 2025",90,0
2025-05-18,pWeXNmxZM-c,Demon Slayer: Kimetsu no Yaiba Infinity Castle | FINAL TRAILER,"May 22, 2025",90,0
2025-05-19,pWeXNmxZM-c,Demon Slayer: Kimetsu no Yaiba Infinity Castle | FINAL TRAILER,"May 22, 2025",90,0
2025-05-20,pWeXNmxZM-c,Demon Slayer: Kimetsu no Yaiba Infinity Castle | FINAL TRAILER,"May 22, 2025",90,0
2025-05-21,pWeXNmxZM-c,Demon Slayer: Kimetsu no Yaiba Infinity Castle | FINAL TRAILER,"May 22, 2025",90,0
2025-05-22,pWeXNmxZM-c,Demon Slayer: Kimetsu no Yaiba Infinity Castle | FINAL TRAILER,"May 22, 2025",90,31
2025-05-23,pWeXNmxZM-c,Demon Slayer: Kimetsu no Yaiba Infinity Castle | FINAL TRAILER,"May 22, 2025",90,132
2025-05-24,pWeXNmxZM-c,Demon Slayer: Kimetsu no Yaiba Infinity Castle | FINAL TRAILER,"May 22, 2025",90,298
2025-05-25,pWeXNmxZM-c,Demon Slayer: Kimetsu no Yaiba Infinity Castle | FINAL TRAILER,"May 22, 2025",90,2193
2025-05-26,pWeXNmxZM-c,Demon Slayer: Kimetsu no Yaiba Infinity Castle | FINAL TRAILER,"May 22, 2025",90,6302
2025-05-27,pWeXNmxZM-c,Demon Slayer: Kimetsu no Yaiba Infinity Castle | FINAL TRAILER,"May 22, 2025",90,9240
2025-02-27,wcHIWVpv5pA,Lisa talking about lily #jennie #lisa #blackpinkmembers #trending #dream #jisoo#rose #kpop#blackpink,"Apr 5, 2025",19,0
2025-02-28,wcHIWVpv5pA,Lisa talking about lily #jennie #lisa #blackpinkmembers #trending #dream #jisoo#rose #kpop#blackpink,"Apr 5, 2025",19,0
2025-03-01,wcHIWVpv5pA,Lisa talking about lily #jennie #lisa #blackpinkmembers #trending #dream #jisoo#rose #kpop#blackpink,"Apr 5, 2025",19,0
2025-03-02,wcHIWVpv5pA,Lisa talking about lily #jennie #lisa #blackpinkmembers #trending #dream #jisoo#rose #kpop#blackpink,"Apr 5, 2025",19,0
2025-03-03,wcHIWVpv5pA,Lisa talking about lily #jennie #lisa #blackpinkmembers #trending #dream #jisoo#rose #kpop#blackpink,"Apr 5, 2025",19,0
2025-03-04,wcHIWVpv5pA,Lisa talking about lily #jennie #lisa #blackpinkmembers #trending #dream #jisoo#rose #kpop#blackpink,"Apr 5, 2025",19,0
2025-03-05,wcHIWVpv5pA,Lisa talking about lily #jennie #lisa #blackpinkmembers #trending #dream #jisoo#rose #kpop#blackpink,"Apr 5, 2025",19,0
2025-03-06,wcHIWVpv5pA,Lisa talking about lily #jennie #lisa #blackpinkmembers #trending #dream #jisoo#rose #kpop#blackpink,"Apr 5, 2025",19,0
2025-03-07,wcHIWVpv5pA,Lisa talking about lily #jennie #lisa #blackpinkmembers #trending #dream #jisoo#rose #kpop#blackpink,"Apr 5, 2025",19,0
2025-03-08,wcHIWVpv5pA,Lisa talking about lily #jennie #lisa #blackpinkmembers #trending #dream #jisoo#rose #kpop#blackpink,"Apr 5, 2025",19,0
2025-03-09,wcHIWVpv5pA,Lisa talking about lily #jennie #lisa #blackpinkmembers #trending #dream #jisoo#rose #kpop#blackpink,"Apr 5, 2025",19,0
2025-03-10,wcHIWVpv5pA,Lisa talking about lily #jennie #lisa #blackpinkmembers #trending #dream #jisoo#rose #kpop#blackpink,"Apr 5, 2025",19,0
2025-03-11,wcHIWVpv5pA,Lisa talking about lily #jennie #lisa #blackpinkmembers #trending #dream #jisoo#rose #kpop#blackpink,"Apr 5, 2025",19,0
2025-03-12,wcHIWVpv5pA,Lisa talking about lily #jennie #lisa #blackpinkmembers #trending #dream #jisoo#rose #kpop#blackpink,"Apr 5, 2025",19,0
2025-03-13,wcHIWVpv5pA,Lisa talking about lily #jennie #lisa #blackpinkmembers #trending #dream #jisoo#rose #kpop#blackpink,"Apr 5, 2025",19,0
2025-03-14,wcHIWVpv5pA,Lisa talking about lily #jennie #lisa #blackpinkmembers #trending #dream #jisoo#rose #kpop#blackpink,"Apr 5, 2025",19,0
2025-03-15,wcHIWVpv5pA,Lisa talking about lily #jennie #lisa #blackpinkmembers #trending #dream #jisoo#rose #kpop#blackpink,"Apr 5, 2025",19,0
2025-03-16,wcHIWVpv5pA,Lisa talking about lily #jennie #lisa #blackpinkmembers #trending #dream #jisoo#rose #kpop#blackpink,"Apr 5, 2025",19,0
2025-03-17,wcHIWVpv5pA,Lisa talking about lily #jennie #lisa #blackpinkmembers #trending #dream #jisoo#rose #kpop#blackpink,"Apr 5, 2025",19,0
2025-03-18,wcHIWVpv5pA,Lisa talking about lily #jennie #lisa #blackpinkmembers #trending #dream #jisoo#rose #kpop#blackpink,"Apr 5, 2025",19,0
2025-03-19,wcHIWVpv5pA,Lisa talking about lily #jennie #lisa #blackpinkmembers #trending #dream #jisoo#rose #kpop#blackpink,"Apr 5, 2025",19,0
2025-03-20,wcHIWVpv5pA,Lisa talking about lily #jennie #lisa #blackpinkmembers #trending #dream #jisoo#rose #kpop#blackpink,"Apr 5, 2025",19,0
2025-03-21,wcHIWVpv5pA,Lisa talking about lily #jennie #lisa #blackpinkmembers #trending #dream #jisoo#rose #kpop#blackpink,"Apr 5, 2025",19,0
2025-03-22,wcHIWVpv5pA,Lisa talking about lily #jennie #lisa #blackpinkmembers #trending #dream #jisoo#rose #kpop#blackpink,"Apr 5, 2025",19,0
2025-03-23,wcHIWVpv5pA,Lisa talking about lily #jennie #lisa #blackpinkmembers #trending #dream #jisoo#rose #kpop#blackpink,"Apr 5, 2025",19,0
2025-03-24,wcHIWVpv5pA,Lisa talking about lily #jennie #lisa #blackpinkmembers #trending #dream #jisoo#rose #kpop#blackpink,"Apr 5, 2025",19,0
2025-03-25,wcHIWVpv5pA,Lisa talking about lily #jennie #lisa #blackpinkmembers #trending #dream #jisoo#rose #kpop#blackpink,"Apr 5, 2025",19,0
2025-03-26,wcHIWVpv5pA,Lisa talking about lily #jennie #lisa #blackpinkmembers #trending #dream #jisoo#rose #kpop#blackpink,"Apr 5, 2025",19,0
2025-03-27,wcHIWVpv5pA,Lisa talking about lily #jennie #lisa #blackpinkmembers #trending #dream #jisoo#rose #kpop#blackpink,"Apr 5, 2025",19,0
2025-03-28,wcHIWVpv5pA,Lisa talking about lily #jennie #lisa #blackpinkmembers #trending #dream #jisoo#rose #kpop#blackpink,"Apr 5, 2025",19,0
2025-03-29,wcHIWVpv5pA,Lisa talking about lily #jennie #lisa #blackpinkmembers #trending #dream #jisoo#rose #kpop#blackpink,"Apr 5, 2025",19,0
2025-03-30,wcHIWVpv5pA,Lisa talking about lily #jennie #lisa #blackpinkmembers #trending #dream #jisoo#rose #kpop#blackpink,"Apr 5, 2025",19,0
2025-03-31,wcHIWVpv5pA,Lisa talking about lily #jennie #lisa #blackpinkmembers #trending #dream #jisoo#rose #kpop#blackpink,"Apr 5, 2025",19,0
2025-04-01,wcHIWVpv5pA,Lisa talking about lily #jennie #lisa #blackpinkmembers #trending #dream #jisoo#rose #kpop#blackpink,"Apr 5, 2025",19,0
2025-04-02,wcHIWVpv5pA,Lisa talking about lily #jennie #lisa #blackpinkmembers #trending #dream #jisoo#rose #kpop#blackpink,"Apr 5, 2025",19,0
2025-04-03,wcHIWVpv5pA,Lisa talking about lily #jennie #lisa #blackpinkmembers #trending #dream #jisoo#rose #kpop#blackpink,"Apr 5, 2025",19,0
2025-04-04,wcHIWVpv5pA,Lisa talking about lily #jennie #lisa #blackpinkmembers #trending #dream #jisoo#rose #kpop#blackpink,"Apr 5, 2025",19,0
2025-04-05,wcHIWVpv5pA,Lisa talking about lily #jennie #lisa #blackpinkmembers #trending #dream #jisoo#rose #kpop#blackpink,"Apr 5, 2025",19,6156
2025-04-06,wcHIWVpv5pA,Lisa talking about lily #jennie #lisa #blackpinkmembers #trending #dream #jisoo#rose #kpop#blackpink,"Apr 5, 2025",19,12416
2025-04-07,wcHIWVpv5pA,Lisa talking about lily #jennie #lisa #blackpinkmembers #trending #dream #jisoo#rose #kpop#blackpink,"Apr 5, 2025",19,4780
2025-04-08,wcHIWVpv5pA,Lisa talking about lily #jennie #lisa #blackpinkmembers #trending #dream #jisoo#rose #kpop#blackpink,"Apr 5, 2025",19,3100
2025-04-09,wcHIWVpv5pA,Lisa talking about lily #jennie #lisa #blackpinkmembers #trending #dream #jisoo#rose #kpop#blackpink,"Apr 5, 2025",19,3338
2025-04-10,wcHIWVpv5pA,Lisa talking about lily #jennie #lisa #blackpinkmembers #trending #dream #jisoo#rose #kpop#blackpink,"Apr 5, 2025",19,139
2025-04-11,wcHIWVpv5pA,Lisa talking about lily #jennie #lisa #blackpinkmembers #trending #dream #jisoo#rose #kpop#blackpink,"Apr 5, 2025",19,36
2025-04-12,wcHIWVpv5pA,Lisa talking about lily #jennie #lisa #blackpinkmembers #trending #dream #jisoo#rose #kpop#blackpink,"Apr 5, 2025",19,25
2025-04-13,wcHIWVpv5pA,Lisa talking about lily #jennie #lisa #blackpinkmembers #trending #dream #jisoo#rose #kpop#blackpink,"Apr 5, 2025",19,18
2025-04-14,wcHIWVpv5pA,Lisa talking about lily #jennie #lisa #blackpinkmembers #trending #dream #jisoo#rose #kpop#blackpink,"Apr 5, 2025",19,5
2025-04-15,wcHIWVpv5pA,Lisa talking about lily #jennie #lisa #blackpinkmembers #trending #dream #jisoo#rose #kpop#blackpink,"Apr 5, 2025",19,7
2025-04-16,wcHIWVpv5pA,Lisa talking about lily #jennie #lisa #blackpinkmembers #trending #dream #jisoo#rose #kpop#blackpink,"Apr 5, 2025",19,4
2025-04-17,wcHIWVpv5pA,Lisa talking about lily #jennie #lisa #blackpinkmembers #trending #dream #jisoo#rose #kpop#blackpink,"Apr 5, 2025",19,7
2025-04-18,wcHIWVpv5pA,Lisa talking about lily #jennie #lisa #blackpinkmembers #trending #dream #jisoo#rose #kpop#blackpink,"Apr 5, 2025",19,2
2025-04-19,wcHIWVpv5pA,Lisa talking about lily #jennie #lisa #blackpinkmembers #trending #dream #jisoo#rose #kpop#blackpink,"Apr 5, 2025",19,9
2025-04-20,wcHIWVpv5pA,Lisa talking about lily #jennie #lisa #blackpinkmembers #trending #dream #jisoo#rose #kpop#blackpink,"Apr 5, 2025",19,2
2025-04-21,wcHIWVpv5pA,Lisa talking about lily #jennie #lisa #blackpinkmembers #trending #dream #jisoo#rose #kpop#blackpink,"Apr 5, 2025",19,8
2025-04-22,wcHIWVpv5pA,Lisa talking about lily #jennie #lisa #blackpinkmembers #trending #dream #jisoo#rose #kpop#blackpink,"Apr 5, 2025",19,2
2025-04-23,wcHIWVpv5pA,Lisa talking about lily #jennie #lisa #blackpinkmembers #trending #dream #jisoo#rose #kpop#blackpink,"Apr 5, 2025",19,1
2025-04-24,wcHIWVpv5pA,Lisa talking about lily #jennie #lisa #blackpinkmembers #trending #dream #jisoo#rose #kpop#blackpink,"Apr 5, 2025",19,0
2025-04-25,wcHIWVpv5pA,Lisa talking about lily #jennie #lisa #blackpinkmembers #trending #dream #jisoo#rose #kpop#blackpink,"Apr 5, 2025",19,0
2025-04-26,wcHIWVpv5pA,Lisa talking about lily #jennie #lisa #blackpinkmembers #trending #dream #jisoo#rose #kpop#blackpink,"Apr 5, 2025",19,2
2025-04-27,wcHIWVpv5pA,Lisa talking about lily #jennie #lisa #blackpinkmembers #trending #dream #jisoo#rose #kpop#blackpink,"Apr 5, 2025",19,0
2025-04-28,wcHIWVpv5pA,Lisa talking about lily #jennie #lisa #blackpinkmembers #trending #dream #jisoo#rose #kpop#blackpink,"Apr 5, 2025",19,0
2025-04-29,wcHIWVpv5pA,Lisa talking about lily #jennie #lisa #blackpinkmembers #trending #dream #jisoo#rose #kpop#blackpink,"Apr 5, 2025",19,5
2025-04-30,wcHIWVpv5pA,Lisa talking about lily #jennie #lisa #blackpinkmembers #trending #dream #jisoo#rose #kpop#blackpink,"Apr 5, 2025",19,2
2025-05-01,wcHIWVpv5pA,Lisa talking about lily #jennie #lisa #blackpinkmembers #trending #dream #jisoo#rose #kpop#blackpink,"Apr 5, 2025",19,3
2025-05-02,wcHIWVpv5pA,Lisa talking about lily #jennie #lisa #blackpinkmembers #trending #dream #jisoo#rose #kpop#blackpink,"Apr 5, 2025",19,2
2025-05-03,wcHIWVpv5pA,Lisa talking about lily #jennie #lisa #blackpinkmembers #trending #dream #jisoo#rose #kpop#blackpink,"Apr 5, 2025",19,3
2025-05-04,wcHIWVpv5pA,Lisa talking about lily #jennie #lisa #blackpinkmembers #trending #dream #jisoo#rose #kpop#blackpink,"Apr 5, 2025",19,4
2025-05-05,wcHIWVpv5pA,Lisa talking about lily #jennie #lisa #blackpinkmembers #trending #dream #jisoo#rose #kpop#blackpink,"Apr 5, 2025",19,6
2025-05-06,wcHIWVpv5pA,Lisa talking about lily #jennie #lisa #blackpinkmembers #trending #dream #jisoo#rose #kpop#blackpink,"Apr 5, 2025",19,2
2025-05-07,wcHIWVpv5pA,Lisa talking about lily #jennie #lisa #blackpinkmembers #trending #dream #jisoo#rose #kpop#blackpink,"Apr 5, 2025",19,7
2025-05-08,wcHIWVpv5pA,Lisa talking about lily #jennie #lisa #blackpinkmembers #trending #dream #jisoo#rose #kpop#blackpink,"Apr 5, 2025",19,0
2025-05-09,wcHIWVpv5pA,Lisa talking about lily #jennie #lisa #blackpinkmembers #trending #dream #jisoo#rose #kpop#blackpink,"Apr 5, 2025",19,2
2025-05-10,wcHIWVpv5pA,Lisa talking about lily #jennie #lisa #blackpinkmembers #trending #dream #jisoo#rose #kpop#blackpink,"Apr 5, 2025",19,3
2025-05-11,wcHIWVpv5pA,Lisa talking about lily #jennie #lisa #blackpinkmembers #trending #dream #jisoo#rose #kpop#blackpink,"Apr 5, 2025",19,1
2025-05-12,wcHIWVpv5pA,Lisa talking about lily #jennie #lisa #blackpinkmembers #trending #dream #jisoo#rose #kpop#blackpink,"Apr 5, 2025",19,1
2025-05-13,wcHIWVpv5pA,Lisa talking about lily #jennie #lisa #blackpinkmembers #trending #dream #jisoo#rose #kpop#blackpink,"Apr 5, 2025",19,0
2025-05-14,wcHIWVpv5pA,Lisa talking about lily #jennie #lisa #blackpinkmembers #trending #dream #jisoo#rose #kpop#blackpink,"Apr 5, 2025",19,3
2025-05-15,wcHIWVpv5pA,Lisa talking about lily #jennie #lisa #blackpinkmembers #trending #dream #jisoo#rose #kpop#blackpink,"Apr 5, 2025",19,2
2025-05-16,wcHIWVpv5pA,Lisa talking about lily #jennie #lisa #blackpinkmembers #trending #dream #jisoo#rose #kpop#blackpink,"Apr 5, 2025",19,0
2025-05-17,wcHIWVpv5pA,Lisa talking about lily #jennie #lisa #blackpinkmembers #trending #dream #jisoo#rose #kpop#blackpink,"Apr 5, 2025",19,1
2025-05-18,wcHIWVpv5pA,Lisa talking about lily #jennie #lisa #blackpinkmembers #trending #dream #jisoo#rose #kpop#blackpink,"Apr 5, 2025",19,1
2025-05-19,wcHIWVpv5pA,Lisa talking about lily #jennie #lisa #blackpinkmembers #trending #dream #jisoo#rose #kpop#blackpink,"Apr 5, 2025",19,2
2025-05-20,wcHIWVpv5pA,Lisa talking about lily #jennie #lisa #blackpinkmembers #trending #dream #jisoo#rose #kpop#blackpink,"Apr 5, 2025",19,2
2025-05-21,wcHIWVpv5pA,Lisa talking about lily #jennie #lisa #blackpinkmembers #trending #dream #jisoo#rose #kpop#blackpink,"Apr 5, 2025",19,0
2025-05-22,wcHIWVpv5pA,Lisa talking about lily #jennie #lisa #blackpinkmembers #trending #dream #jisoo#rose #kpop#blackpink,"Apr 5, 2025",19,0
2025-05-23,wcHIWVpv5pA,Lisa talking about lily #jennie #lisa #blackpinkmembers #trending #dream #jisoo#rose #kpop#blackpink,"Apr 5, 2025",19,0
2025-05-24,wcHIWVpv5pA,Lisa talking about lily #jennie #lisa #blackpinkmembers #trending #dream #jisoo#rose #kpop#blackpink,"Apr 5, 2025",19,0
2025-05-25,wcHIWVpv5pA,Lisa talking about lily #jennie #lisa #blackpinkmembers #trending #dream #jisoo#rose #kpop#blackpink,"Apr 5, 2025",19,0
2025-05-26,wcHIWVpv5pA,Lisa talking about lily #jennie #lisa #blackpinkmembers #trending #dream #jisoo#rose #kpop#blackpink,"Apr 5, 2025",19,3
2025-05-27,wcHIWVpv5pA,Lisa talking about lily #jennie #lisa #blackpinkmembers #trending #dream #jisoo#rose #kpop#blackpink,"Apr 5, 2025",19,0
